RecordID,Year,Platform,Category,Revenue_Crore_INR,Orders,Active_Users,Market_Share_Percent
1,2023,JioMart,Beauty,3822,742180,55886,27.3
2,2023,Meesho,Grocery,3494,185203,192335,42.78
3,2022,DMart,Fashion,2441,728315,328069,13.53
4,2021,Amazon,Home,3435,431909,466148,26.48
5,2017,Meesho,Grocery,2608,394681,150503,18.24
6,2019,JioMart,Home,1578,283538,332236,36.85
7,2021,Amazon,Fashion,2485,280936,240931,34.23
8,2026,Amazon,Fashion,2662,787089,125243,15.22
9,2023,JioMart,Beauty,825,906942,107530,54.65
10,2020,Flipkart,Home,3123,469773,209261,13.27
11,2020,DMart,Fashion,211,571353,224165,55.67
12,2024,JioMart,Electronics,387,617086,10268,35.62
13,2025,JioMart,Home,429,526588,237584,18.48
14,2017,Amazon,Electronics,2077,143767,125375,1.83
15,2019,Amazon,Grocery,4564,139312,13666,5.37
16,2023,Flipkart,Electronics,3149,294806,271536,37.77
17,2018,Amazon,Beauty,2781,466551,274109,53.35
18,2017,Meesho,Beauty,2740,194064,215020,34.12
19,2023,Meesho,Electronics,256,228126,219969,2.5
20,2019,Amazon,Home,4241,884371,412357,9.22
21,2023,DMart,Grocery,4686,174899,450036,5.54
22,2019,JioMart,Fashion,2779,74044,436773,38.37
23,2022,JioMart,Home,3677,35939,443141,53.11
24,2026,JioMart,Electronics,3352,397261,286920,17.06
25,2025,JioMart,Beauty,1332,509046,452269,31.13
26,2025,DMart,Electronics,4829,993703,166838,10.93
27,2024,Amazon,Home,1903,449792,40353,57.78
28,2023,Flipkart,Grocery,1686,750976,257951,3.18
29,2017,Flipkart,Fashion,904,362228,432839,54.59
30,2019,Flipkart,Beauty,1757,135657,236167,33.62
31,2023,JioMart,Grocery,3305,391050,406904,43.96
32,2024,DMart,Home,247,623333,35698,49.17
33,2017,Amazon,Home,4332,61663,16708,51.64
34,2020,Meesho,Fashion,2036,761102,238714,21.57
35,2023,JioMart,Electronics,3026,487095,72295,31.55
36,2024,Amazon,Grocery,4111,988217,31306,14.48
37,2026,Amazon,Home,3693,383616,134121,59.78
38,2021,DMart,Grocery,2106,279544,381002,42.32
39,2019,JioMart,Electronics,4041,432515,144946,56.2
40,2020,JioMart,Grocery,3233,667917,301504,40.15
41,2018,Flipkart,Fashion,2919,791474,455351,59.67
42,2020,Amazon,Home,4543,887844,481047,45.04
43,2024,Meesho,Electronics,4785,840496,257687,6.53
44,2019,DMart,Grocery,2535,409111,151810,26.63
45,2021,Amazon,Home,1009,670960,226732,14.58
46,2019,JioMart,Grocery,3170,640271,467960,59.68
47,2021,Meesho,Home,1110,421927,266564,26.26
48,2021,Meesho,Home,1189,75726,142564,23.72
49,2023,Amazon,Grocery,177,560929,166656,24.29
50,2022,Flipkart,Grocery,1945,455101,37631,13.33
51,2022,Flipkart,Grocery,2587,765073,177089,44.71
52,2017,Amazon,Grocery,4391,508863,368654,18.32
53,2023,Flipkart,Grocery,1891,563880,273791,54.88
54,2026,Amazon,Home,4830,792355,265512,5.19
55,2019,JioMart,Fashion,4979,676326,125862,3.12
56,2025,Flipkart,Beauty,1765,80313,390957,18.89
57,2021,Amazon,Beauty,3101,714107,377836,27.98
58,2022,DMart,Home,4192,221810,433950,9.16
59,2018,JioMart,Fashion,1743,232866,87672,24.53
60,2019,JioMart,Fashion,1419,887284,33217,57.8
61,2023,Amazon,Home,1062,388496,329761,55.0
62,2018,Amazon,Beauty,3393,416716,447438,39.77
63,2021,DMart,Grocery,3197,522153,68215,10.36
64,2022,Amazon,Beauty,4095,19435,448556,6.56
65,2020,DMart,Home,3009,774121,253377,30.01
66,2023,JioMart,Electronics,1807,505972,289790,3.84
67,2022,DMart,Home,2899,660419,434374,1.9
68,2019,Flipkart,Electronics,1065,19540,17364,10.61
69,2024,Flipkart,Electronics,945,753583,192962,48.26
70,2018,Meesho,Home,1618,14000,202660,33.19
71,2021,JioMart,Grocery,3963,617274,483859,17.16
72,2018,DMart,Grocery,803,634674,28350,5.2
73,2024,DMart,Fashion,1675,217869,66953,16.38
74,2023,JioMart,Fashion,1566,545626,132484,3.31
75,2025,DMart,Beauty,2858,526771,307569,25.98
76,2024,Meesho,Electronics,1172,95999,18955,22.95
77,2023,DMart,Home,3490,685510,72180,44.65
78,2019,Amazon,Electronics,4002,548685,435771,49.76
79,2022,DMart,Grocery,445,205004,467152,50.98
80,2025,JioMart,Home,4996,464137,6486,5.91
81,2021,Meesho,Home,2988,359652,238027,56.83
82,2025,DMart,Beauty,3032,360605,389318,4.3
83,2019,DMart,Grocery,4896,737627,180208,45.93
84,2017,DMart,Beauty,1241,49081,194928,49.49
85,2026,Flipkart,Beauty,3286,326837,290106,35.3
86,2017,JioMart,Electronics,560,967766,169152,35.92
87,2020,JioMart,Grocery,2973,244677,27790,26.03
88,2026,Meesho,Grocery,4318,539036,218841,28.65
89,2026,JioMart,Home,505,416332,157542,39.3
90,2017,Meesho,Beauty,4335,338184,493734,29.19
91,2025,Amazon,Beauty,183,470857,299539,58.7
92,2021,DMart,Grocery,2861,293876,260747,33.68
93,2020,Amazon,Fashion,1306,62528,301557,18.38
94,2017,DMart,Grocery,2753,182502,156576,55.0
95,2026,JioMart,Home,4518,170775,10337,12.1
96,2026,Flipkart,Home,589,430571,497484,58.49
97,2022,Amazon,Electronics,2558,700907,360151,10.59
98,2019,DMart,Fashion,305,473556,51990,55.23
99,2026,Flipkart,Grocery,1065,71813,28712,29.34
100,2017,Meesho,Beauty,4208,728040,283453,49.92
101,2017,DMart,Electronics,1683,872312,106570,8.9
102,2021,JioMart,Electronics,2806,894574,141932,59.8
103,2021,DMart,Beauty,2774,14809,164273,23.29
104,2021,Amazon,Electronics,4196,326076,411316,13.23
105,2017,Amazon,Fashion,3469,515950,139311,2.31
106,2026,Flipkart,Grocery,4012,697409,38131,49.17
107,2021,Meesho,Electronics,4769,291342,413974,25.81
108,2021,DMart,Fashion,2172,325826,322638,9.05
109,2018,Flipkart,Fashion,1408,950890,257434,54.35
110,2020,Amazon,Electronics,1408,260875,464389,37.7
111,2019,Amazon,Beauty,4942,443027,318623,50.68
112,2017,JioMart,Home,3081,898900,224777,37.63
113,2018,DMart,Grocery,4188,677375,46002,5.48
114,2025,Meesho,Home,4505,922259,371359,25.29
115,2019,Meesho,Beauty,721,872129,29732,12.35
116,2019,DMart,Beauty,4749,899513,37668,2.88
117,2022,Amazon,Beauty,573,159849,225301,22.49
118,2026,DMart,Grocery,2346,819006,399456,41.58
119,2024,Meesho,Beauty,4482,105257,65291,48.57
120,2017,Meesho,Beauty,2816,927806,476774,55.52
121,2026,JioMart,Fashion,414,377257,267765,9.72
122,2019,Meesho,Grocery,1581,128033,106977,21.89
123,2019,Amazon,Beauty,2125,231897,2062,20.0
124,2023,Flipkart,Home,4682,638880,135668,36.02
125,2020,Flipkart,Grocery,282,659324,387193,6.13
126,2022,Flipkart,Electronics,2522,201076,195053,54.08
127,2018,Meesho,Grocery,926,122581,266956,56.09
128,2021,DMart,Home,3471,197210,262949,48.55
129,2024,Amazon,Grocery,292,766254,267468,58.96
130,2022,Flipkart,Home,4220,132883,219958,49.21
131,2017,Meesho,Electronics,4339,535134,11954,34.73
132,2019,DMart,Home,1191,74323,92922,12.77
133,2020,Amazon,Home,4704,864016,105537,46.3
134,2022,DMart,Grocery,2076,581650,283272,22.78
135,2024,Flipkart,Beauty,1723,929723,302953,20.02
136,2018,JioMart,Electronics,1392,466292,109872,45.85
137,2024,Meesho,Electronics,1654,237645,13219,57.94
138,2021,Meesho,Electronics,2685,345842,387594,55.66
139,2022,JioMart,Beauty,3900,445048,59596,12.9
140,2019,DMart,Beauty,2948,689290,394293,31.86
141,2020,Amazon,Beauty,1115,487272,306447,27.66
142,2024,Meesho,Beauty,4720,159646,403400,14.7
143,2017,Flipkart,Beauty,3737,102263,398234,33.03
144,2022,Meesho,Grocery,2085,35053,403662,34.82
145,2022,Amazon,Electronics,3118,860916,33154,44.89
146,2020,Flipkart,Fashion,4662,253322,175944,7.07
147,2020,DMart,Home,3278,292247,65772,29.7
148,2020,JioMart,Beauty,4275,157550,233050,41.94
149,2020,Flipkart,Grocery,2166,605603,340978,57.59
150,2024,Flipkart,Grocery,2493,216988,336463,30.85
151,2025,Amazon,Home,2780,705275,300363,55.21
152,2021,DMart,Fashion,3106,510315,197382,36.8
153,2022,Meesho,Beauty,3583,185399,463120,55.61
154,2023,Amazon,Beauty,3526,142717,179595,8.36
155,2025,Amazon,Grocery,2758,677054,319408,44.91
156,2026,JioMart,Electronics,4262,894377,14224,7.74
157,2020,Amazon,Fashion,2172,476725,140649,28.48
158,2018,Meesho,Electronics,1004,211579,128738,9.31
159,2024,Amazon,Home,4855,816388,219967,19.38
160,2022,Flipkart,Home,3170,256726,333624,57.7
161,2017,JioMart,Home,1774,597111,152878,36.13
162,2023,Meesho,Grocery,1001,461282,94501,13.1
163,2017,DMart,Beauty,335,607135,94607,35.66
164,2017,Meesho,Fashion,4339,147717,382915,29.38
165,2022,Meesho,Home,3385,926380,275486,56.82
166,2026,Flipkart,Grocery,1951,917425,184675,48.24
167,2023,JioMart,Fashion,3512,119575,374048,14.1
168,2024,Meesho,Beauty,377,459589,163552,48.2
169,2019,Meesho,Electronics,3725,635646,473327,6.87
170,2024,Meesho,Home,214,923589,122300,24.98
171,2023,Flipkart,Fashion,824,288176,3198,51.04
172,2019,JioMart,Beauty,4227,411921,437096,49.23
173,2020,Meesho,Fashion,1459,104914,366014,3.02
174,2020,DMart,Beauty,1329,204269,374640,26.73
175,2019,JioMart,Fashion,2951,945275,424191,7.74
176,2024,Meesho,Electronics,4003,45954,28856,16.85
177,2024,Flipkart,Beauty,1354,332918,24752,9.22
178,2020,Flipkart,Fashion,2126,217980,257609,17.07
179,2022,Flipkart,Beauty,2139,441459,189456,17.17
180,2017,DMart,Electronics,4733,535910,49756,1.65
181,2021,Meesho,Electronics,695,39402,5263,15.79
182,2025,DMart,Fashion,1758,939168,298881,24.86
183,2026,Flipkart,Home,1436,202192,151322,6.33
184,2019,Flipkart,Beauty,198,718362,257010,21.98
185,2017,Meesho,Grocery,1383,956273,185374,40.16
186,2022,DMart,Electronics,1835,771379,206550,16.47
187,2019,JioMart,Grocery,3970,131789,156130,36.21
188,2018,Amazon,Fashion,1574,634712,278192,21.74
189,2017,Amazon,Beauty,988,617847,56337,28.12
190,2019,Meesho,Fashion,1302,620411,207258,17.06
191,2018,JioMart,Grocery,1686,135995,246690,55.12
192,2017,Flipkart,Electronics,3944,269568,320278,6.12
193,2024,Meesho,Beauty,3202,404966,448972,41.84
194,2022,Amazon,Fashion,3776,267594,353744,56.7
195,2026,Amazon,Fashion,3207,890889,476526,3.0
196,2021,Amazon,Grocery,1571,576074,227006,47.93
197,2020,Meesho,Fashion,1516,259321,67150,3.18
198,2024,Meesho,Home,180,144055,491457,43.76
199,2023,Amazon,Home,970,279708,159417,31.69
200,2026,JioMart,Fashion,360,133618,446609,59.43
201,2023,DMart,Beauty,3860,892554,40974,1.56
202,2017,DMart,Beauty,4893,285128,296183,52.55
203,2025,Flipkart,Electronics,3480,260195,144748,44.2
204,2017,Meesho,Beauty,1215,559239,33413,51.32
205,2018,DMart,Electronics,481,231888,262044,59.28
206,2025,Amazon,Electronics,1013,511946,44001,48.08
207,2021,Meesho,Home,4855,666166,387487,53.17
208,2024,Meesho,Beauty,4917,982346,391727,56.62
209,2022,DMart,Grocery,3614,961661,340273,3.77
210,2025,Flipkart,Electronics,2850,196626,146271,21.66
211,2021,Amazon,Electronics,3220,465699,150369,31.98
212,2026,Meesho,Fashion,899,954189,375999,53.95
213,2019,DMart,Beauty,2080,856936,191792,53.8
214,2021,Flipkart,Grocery,1690,252615,418090,17.1
215,2025,Meesho,Electronics,1405,104377,292336,20.41
216,2025,DMart,Grocery,1004,615409,26559,15.91
217,2022,Meesho,Beauty,963,902964,389411,7.46
218,2021,DMart,Electronics,3161,412732,378149,35.95
219,2026,Meesho,Fashion,3980,794108,100616,52.84
220,2019,JioMart,Electronics,1754,115228,427346,15.08
221,2021,Flipkart,Home,4336,79274,134541,12.16
222,2021,Meesho,Beauty,875,602632,312282,52.87
223,2026,Flipkart,Grocery,3558,439725,43534,10.48
224,2020,Flipkart,Beauty,2062,625947,165134,12.39
225,2017,Amazon,Electronics,4505,173038,466761,38.41
226,2024,DMart,Grocery,1057,212053,77242,45.9
227,2026,Amazon,Fashion,3952,273579,230947,11.59
228,2021,DMart,Home,1937,448755,379097,56.89
229,2017,JioMart,Electronics,935,782800,254973,37.63
230,2018,Flipkart,Beauty,4861,611763,485090,8.68
231,2023,DMart,Grocery,3154,542101,32598,29.83
232,2019,Meesho,Fashion,3659,21745,289173,28.64
233,2020,Amazon,Grocery,88,734238,42846,49.73
234,2020,Flipkart,Home,3143,294186,53930,57.1
235,2024,JioMart,Beauty,4166,442430,213943,51.58
236,2020,Meesho,Electronics,4715,251531,247693,14.57
237,2019,Amazon,Electronics,841,517403,27385,52.0
238,2024,JioMart,Electronics,3726,996420,402927,46.48
239,2018,JioMart,Grocery,4494,617167,433043,2.92
240,2026,Meesho,Home,576,340904,48837,7.92
241,2017,JioMart,Home,1813,280856,367245,14.31
242,2022,DMart,Beauty,2483,851047,83503,19.31
243,2017,DMart,Fashion,2063,695375,161081,29.32
244,2022,Meesho,Beauty,778,74288,52195,47.01
245,2024,Meesho,Grocery,1626,446624,40499,59.21
246,2022,JioMart,Home,2770,346585,206735,1.58
247,2017,Flipkart,Electronics,2898,908792,177076,5.87
248,2020,Flipkart,Fashion,139,60861,339041,48.23
249,2018,Flipkart,Home,1945,868058,320804,42.68
250,2022,Amazon,Electronics,2320,167087,34320,42.83
251,2024,Flipkart,Home,3439,953187,407845,37.12
252,2023,Meesho,Home,257,993939,274797,49.22
253,2026,Meesho,Electronics,4159,383706,409529,4.56
254,2023,JioMart,Beauty,1610,875580,84186,13.93
255,2023,JioMart,Beauty,1977,38380,111198,26.59
256,2019,JioMart,Fashion,2039,901793,279226,14.48
257,2024,Amazon,Grocery,3021,351705,272090,41.13
258,2022,Amazon,Home,3938,475757,375484,43.9
259,2024,JioMart,Beauty,4661,822395,102757,59.27
260,2024,Flipkart,Electronics,4753,730488,73099,2.73
261,2018,JioMart,Fashion,2432,298161,470923,25.88
262,2026,Meesho,Grocery,4331,52229,87652,13.43
263,2018,DMart,Electronics,2964,530985,20975,24.91
264,2023,Flipkart,Home,575,884829,181225,11.68
265,2021,DMart,Electronics,2415,978181,97059,24.9
266,2024,Amazon,Home,179,210422,309037,39.48
267,2025,Amazon,Home,2163,336818,145832,46.63
268,2024,JioMart,Beauty,3424,245806,381298,53.14
269,2022,Flipkart,Beauty,2941,121453,20816,26.42
270,2020,Meesho,Home,2410,223567,72635,23.38
271,2021,DMart,Home,2262,233536,233944,42.62
272,2024,JioMart,Home,1324,453324,35707,16.92
273,2018,Amazon,Beauty,1093,796713,159492,38.76
274,2019,DMart,Beauty,1058,860610,297141,41.6
275,2020,DMart,Fashion,1289,769034,246546,2.03
276,2025,Flipkart,Beauty,1258,156470,121030,16.0
277,2018,JioMart,Home,4453,400479,2969,12.91
278,2023,Flipkart,Beauty,178,510726,155268,27.18
279,2021,Flipkart,Electronics,2524,622297,258437,30.33
280,2017,Flipkart,Electronics,4733,322282,174895,47.94
281,2020,Amazon,Electronics,3174,969791,473132,35.05
282,2018,Flipkart,Electronics,3282,738744,219200,52.37
283,2025,DMart,Beauty,3280,731384,434098,52.83
284,2022,JioMart,Grocery,3603,345441,359796,48.07
285,2019,DMart,Grocery,3762,404583,239389,39.3
286,2021,Amazon,Home,4139,768470,363638,42.03
287,2025,Amazon,Electronics,785,890112,359690,14.41
288,2026,Meesho,Grocery,3065,463449,288681,28.35
289,2019,DMart,Fashion,2913,774357,224131,2.51
290,2026,Amazon,Home,4449,414772,421814,32.48
291,2023,Flipkart,Home,1054,558884,427390,26.42
292,2021,JioMart,Electronics,764,833346,373494,12.63
293,2022,Meesho,Fashion,1013,803583,58716,17.81
294,2019,Flipkart,Home,1731,22289,177048,58.63
295,2026,Amazon,Grocery,1336,910446,176211,11.7
296,2023,Amazon,Fashion,494,933945,120735,57.81
297,2020,Amazon,Home,1758,416889,470882,1.15
298,2022,DMart,Home,4026,193321,38384,39.15
299,2024,Flipkart,Electronics,1710,565689,203903,21.85
300,2026,Meesho,Beauty,4195,115111,450042,51.22
301,2023,Flipkart,Electronics,195,244386,344715,9.83
302,2023,Flipkart,Beauty,1634,256242,18633,28.9
303,2021,Amazon,Beauty,2516,699115,41390,33.26
304,2026,Amazon,Beauty,490,803853,219008,59.28
305,2019,DMart,Fashion,3956,396601,426333,27.3
306,2025,Amazon,Grocery,3401,956875,445717,7.14
307,2026,Flipkart,Beauty,4181,907767,113356,53.76
308,2019,Amazon,Electronics,1964,244565,69008,37.41
309,2017,JioMart,Fashion,2614,471227,299522,38.77
310,2024,Flipkart,Grocery,3111,509499,494948,27.95
311,2022,Flipkart,Home,2867,659829,190648,59.73
312,2023,JioMart,Home,3669,52828,311748,41.71
313,2025,Flipkart,Electronics,2152,266911,69619,21.51
314,2024,JioMart,Grocery,1729,877869,99540,8.07
315,2019,DMart,Home,3993,203783,173395,15.38
316,2021,JioMart,Fashion,4601,626166,268039,8.54
317,2022,JioMart,Fashion,2606,128413,410379,18.88
318,2018,DMart,Fashion,2458,569873,293826,15.1
319,2017,Meesho,Grocery,1775,787622,19073,36.44
320,2023,Meesho,Grocery,2240,931941,203043,51.23
321,2026,JioMart,Electronics,4187,790965,288313,38.05
322,2024,Flipkart,Grocery,3969,303894,489371,49.31
323,2021,Meesho,Fashion,4275,979634,131513,57.48
324,2018,Flipkart,Electronics,2035,870952,457956,51.86
325,2020,Amazon,Beauty,2996,700658,445328,49.69
326,2021,Flipkart,Beauty,1013,682280,32822,57.82
327,2020,Flipkart,Beauty,2544,874645,380551,13.75
328,2018,JioMart,Grocery,2003,369177,367936,4.43
329,2018,DMart,Electronics,2180,54936,161866,5.4
330,2019,JioMart,Electronics,1688,589111,24312,14.73
331,2020,DMart,Home,469,808843,497037,26.14
332,2021,JioMart,Beauty,2189,824037,100853,11.44
333,2022,DMart,Fashion,2343,244213,205366,35.35
334,2023,Flipkart,Beauty,3134,688100,322497,15.23
335,2021,DMart,Fashion,4318,666031,263307,22.91
336,2017,JioMart,Grocery,4848,294564,121575,6.79
337,2026,JioMart,Fashion,4769,235019,427577,29.09
338,2025,DMart,Home,3543,266553,449532,57.42
339,2017,Amazon,Electronics,3241,960664,353680,41.6
340,2017,Flipkart,Fashion,3947,562959,123811,47.09
341,2023,Flipkart,Grocery,2297,688832,181302,53.47
342,2023,DMart,Grocery,2198,969495,202548,3.24
343,2023,Meesho,Electronics,3556,919719,90570,1.71
344,2021,JioMart,Beauty,4377,972361,142214,18.5
345,2020,Meesho,Grocery,612,169210,93601,6.81
346,2022,Flipkart,Home,1296,71063,250599,14.44
347,2025,Flipkart,Fashion,1012,218432,183051,37.29
348,2025,Amazon,Electronics,427,989062,349349,53.85
349,2026,DMart,Home,701,933482,481743,7.72
350,2021,JioMart,Fashion,572,157977,46838,7.54
351,2018,Amazon,Electronics,4633,835146,186165,26.92
352,2025,Flipkart,Home,2511,417507,178876,40.88
353,2019,Amazon,Beauty,4116,302985,125447,19.7
354,2023,Amazon,Home,1306,316094,188921,38.53
355,2021,JioMart,Grocery,4401,461157,59005,59.1
356,2022,JioMart,Beauty,3587,154129,65028,41.43
357,2020,Meesho,Fashion,3728,494814,496602,9.89
358,2022,Meesho,Beauty,1774,76912,257695,37.1
359,2022,Meesho,Beauty,1354,590735,364748,10.44
360,2026,Flipkart,Electronics,1334,452882,476584,17.4
361,2019,Flipkart,Fashion,3612,602344,135153,44.8
362,2023,Meesho,Grocery,3187,697016,68695,47.24
363,2020,JioMart,Fashion,2699,526409,142877,50.13
364,2025,Flipkart,Beauty,2684,702111,363226,50.68
365,2022,Meesho,Beauty,747,634771,10596,38.96
366,2026,Meesho,Fashion,1878,869877,104892,1.11
367,2023,DMart,Fashion,2135,598717,105195,11.7
368,2020,Amazon,Home,3342,79122,148159,7.14
369,2026,JioMart,Home,4009,938509,110079,40.91
370,2018,Meesho,Home,4205,381602,373528,38.55
371,2019,DMart,Home,591,162889,169933,13.38
372,2020,Meesho,Beauty,4885,277613,291998,44.39
373,2017,Flipkart,Home,1186,356874,419267,44.4
374,2025,JioMart,Beauty,4306,463008,439469,38.53
375,2022,JioMart,Grocery,4747,537759,239404,11.88
376,2026,Flipkart,Grocery,3746,511597,138469,35.6
377,2022,Amazon,Grocery,1950,487746,24284,4.31
378,2019,Flipkart,Grocery,4726,597100,271143,11.98
379,2017,DMart,Fashion,753,262164,372043,8.88
380,2020,Flipkart,Grocery,4786,799271,69920,1.41
381,2025,JioMart,Home,4333,673096,139782,55.43
382,2025,JioMart,Beauty,1481,739963,169553,17.65
383,2023,Meesho,Home,319,158087,444273,17.05
384,2022,Flipkart,Electronics,254,321877,252435,10.23
385,2020,Meesho,Home,2347,977530,367008,21.41
386,2018,Amazon,Grocery,3191,762254,387446,2.29
387,2024,Meesho,Home,3776,248511,236718,24.21
388,2026,JioMart,Electronics,4310,421961,252924,16.14
389,2019,Flipkart,Beauty,2402,290466,451930,58.35
390,2025,DMart,Electronics,4774,951763,92006,15.81
391,2023,Amazon,Electronics,1737,107852,493092,51.75
392,2026,Meesho,Electronics,3719,55232,349688,37.16
393,2022,Flipkart,Electronics,4998,398612,84457,40.19
394,2025,Flipkart,Fashion,147,742303,97111,28.15
395,2023,JioMart,Home,4716,58777,149066,4.07
396,2017,DMart,Home,1227,598158,10283,45.65
397,2022,DMart,Home,831,124586,450916,27.62
398,2026,JioMart,Fashion,4592,110417,82816,6.55
399,2019,JioMart,Electronics,1627,51971,19658,7.22
400,2020,Amazon,Grocery,4452,236058,134623,12.02
401,2024,JioMart,Home,2261,329972,262716,19.43
402,2025,Flipkart,Fashion,4613,881877,209139,10.8
403,2019,DMart,Grocery,332,220545,133970,59.03
404,2017,JioMart,Electronics,662,926383,280215,9.97
405,2020,Meesho,Electronics,4008,377631,55400,25.65
406,2023,DMart,Beauty,719,653340,57481,10.79
407,2022,Flipkart,Grocery,296,816527,148226,41.52
408,2019,Amazon,Home,3914,888483,156289,5.68
409,2021,Meesho,Beauty,3597,107756,443632,49.32
410,2018,Meesho,Home,3040,253051,158547,19.53
411,2024,Flipkart,Grocery,637,22763,191237,11.25
412,2021,JioMart,Fashion,239,367792,26556,25.79
413,2018,Amazon,Grocery,4483,212041,34866,39.42
414,2022,Amazon,Beauty,1724,443934,295746,38.41
415,2020,DMart,Fashion,1139,964850,206735,1.23
416,2023,Amazon,Home,4269,196368,22447,5.29
417,2019,JioMart,Fashion,4678,999410,403744,18.93
418,2020,JioMart,Home,4696,108696,51939,40.23
419,2018,Meesho,Electronics,4791,345098,285890,34.07
420,2018,JioMart,Beauty,889,811469,127498,25.35
421,2020,Amazon,Electronics,473,688743,324853,55.17
422,2023,Amazon,Grocery,2996,249017,415994,48.49
423,2020,DMart,Electronics,2860,286091,211294,32.43
424,2019,JioMart,Beauty,2773,434871,44472,15.27
425,2017,JioMart,Electronics,4966,519666,143312,18.7
426,2025,JioMart,Grocery,117,191211,391919,52.76
427,2022,Amazon,Beauty,1135,631424,52631,3.05
428,2019,Meesho,Fashion,1542,892430,50812,4.75
429,2020,DMart,Grocery,2094,410584,348580,2.93
430,2019,Amazon,Fashion,777,69871,483604,41.97
431,2024,JioMart,Home,576,511608,289793,10.72
432,2022,DMart,Grocery,1623,630307,456160,42.46
433,2020,JioMart,Home,821,565083,271914,39.48
434,2018,Flipkart,Grocery,3048,859256,174824,16.87
435,2022,Amazon,Fashion,1986,934220,349939,36.64
436,2024,Meesho,Home,4507,427216,112032,20.55
437,2017,Meesho,Grocery,1505,721404,195387,13.21
438,2022,Amazon,Electronics,1263,289687,431634,50.79
439,2017,Flipkart,Beauty,3878,126656,18087,31.25
440,2022,Amazon,Electronics,4962,538936,393720,7.72
441,2019,Meesho,Electronics,4542,556495,474866,3.65
442,2017,JioMart,Grocery,3453,776535,79279,40.59
443,2017,DMart,Fashion,1037,668681,344492,1.09
444,2023,DMart,Electronics,1925,295521,440953,7.75
445,2017,JioMart,Fashion,1824,20651,100239,45.32
446,2017,JioMart,Fashion,2752,417592,324494,25.35
447,2025,Flipkart,Fashion,1892,675418,256948,1.6
448,2018,Meesho,Electronics,820,422755,257453,8.11
449,2018,DMart,Grocery,3471,213047,285929,1.69
450,2019,Meesho,Electronics,2048,172777,432460,8.26
451,2017,Amazon,Electronics,1869,806948,473501,51.26
452,2020,Meesho,Beauty,424,241496,168860,51.84
453,2018,Meesho,Grocery,3293,574046,317456,26.43
454,2024,Meesho,Fashion,1191,93555,129379,41.62
455,2023,Flipkart,Home,3030,78803,433548,53.52
456,2017,JioMart,Grocery,3323,312523,18297,38.58
457,2017,Amazon,Beauty,979,742847,92575,59.29
458,2017,JioMart,Electronics,1950,445633,499500,14.48
459,2024,Meesho,Grocery,4702,755219,254593,3.3
460,2022,Meesho,Grocery,1307,742722,158489,19.48
461,2021,Flipkart,Beauty,2219,749452,154124,57.4
462,2021,Meesho,Home,835,212747,400560,59.06
463,2020,Amazon,Beauty,3857,246527,436477,32.94
464,2021,Amazon,Electronics,1982,872881,9556,45.95
465,2023,Meesho,Grocery,1427,257199,127060,12.48
466,2017,DMart,Home,1606,477243,1138,33.9
467,2019,Amazon,Home,1353,877964,318922,9.88
468,2018,Meesho,Home,3220,816651,320313,37.78
469,2025,Flipkart,Grocery,4310,461558,151023,3.33
470,2017,DMart,Home,1959,914850,207846,57.88
471,2021,Flipkart,Grocery,1895,798140,397846,52.33
472,2021,Meesho,Home,1026,404423,47099,28.54
473,2026,JioMart,Electronics,932,135074,366209,58.88
474,2020,Flipkart,Home,1660,431280,385957,45.95
475,2025,Meesho,Fashion,3586,433602,187292,58.86
476,2018,JioMart,Grocery,3872,193043,305006,57.41
477,2025,JioMart,Beauty,2434,203392,409288,53.69
478,2019,Meesho,Grocery,992,558333,182948,55.66
479,2018,DMart,Grocery,3956,652613,20337,8.93
480,2021,JioMart,Fashion,3802,849319,82442,13.43
481,2025,Meesho,Grocery,2361,94761,431192,6.3
482,2023,Meesho,Electronics,3413,698152,403980,44.69
483,2021,DMart,Beauty,2285,410511,435376,46.2
484,2020,Meesho,Fashion,3225,759078,340208,43.67
485,2020,Meesho,Grocery,3705,689682,42869,48.69
486,2018,DMart,Beauty,2180,506762,206157,18.67
487,2024,Amazon,Fashion,4595,650473,178164,40.34
488,2018,Meesho,Grocery,3751,897516,24782,29.11
489,2017,Amazon,Electronics,486,963100,428540,13.66
490,2019,Amazon,Electronics,2434,288710,139262,52.15
491,2026,Flipkart,Home,1639,559523,1159,32.05
492,2018,JioMart,Home,102,24743,229174,33.6
493,2020,DMart,Grocery,1085,497030,236422,17.77
494,2018,Flipkart,Grocery,1314,623369,248644,3.76
495,2022,Amazon,Fashion,2487,90811,255840,5.88
496,2025,Amazon,Grocery,4282,794282,400009,19.49
497,2020,Flipkart,Grocery,2238,101218,134296,23.26
498,2024,JioMart,Grocery,3542,250016,33441,3.5
499,2017,JioMart,Grocery,3850,295622,391025,9.21
500,2021,DMart,Grocery,978,521511,222035,8.65
501,2020,Amazon,Electronics,4678,288355,368570,38.43
502,2021,Flipkart,Electronics,1174,163077,55575,23.72
503,2025,Meesho,Fashion,276,801787,317264,4.09
504,2025,DMart,Fashion,2838,690332,112715,51.17
505,2025,Amazon,Grocery,3943,137927,35773,13.73
506,2023,DMart,Beauty,211,882328,19135,55.92
507,2020,Flipkart,Grocery,989,488356,280067,43.08
508,2022,Amazon,Home,3654,250891,165074,22.7
509,2025,Amazon,Fashion,2150,251225,194069,15.27
510,2022,Flipkart,Electronics,4543,304025,214666,30.08
511,2022,Amazon,Home,3303,326275,156159,43.77
512,2025,JioMart,Fashion,3309,811625,224461,45.98
513,2023,JioMart,Electronics,2201,742763,265889,51.57
514,2022,DMart,Fashion,2272,124397,249552,8.09
515,2022,DMart,Electronics,82,65350,70561,14.17
516,2025,JioMart,Grocery,4629,191196,316014,52.88
517,2019,Amazon,Grocery,4370,824038,442048,18.18
518,2022,Meesho,Home,4761,100306,226180,14.47
519,2018,Flipkart,Home,3326,568158,104547,28.95
520,2026,JioMart,Fashion,442,633222,143980,32.31
521,2020,Flipkart,Grocery,3921,721195,312573,22.58
522,2026,JioMart,Fashion,3562,436009,114688,47.1
523,2019,Meesho,Beauty,3814,721111,389455,54.48
524,2017,Amazon,Home,3223,960487,24989,28.73
525,2025,Flipkart,Fashion,1826,812673,125932,30.34
526,2025,Meesho,Electronics,3043,692405,438985,15.27
527,2026,DMart,Beauty,3695,356709,482725,28.12
528,2026,DMart,Grocery,1166,577815,340371,53.96
529,2017,Amazon,Grocery,2430,581441,109042,24.12
530,2022,Amazon,Home,1940,822283,294423,24.99
531,2026,Amazon,Home,406,990568,326905,36.02
532,2023,Flipkart,Fashion,1333,207227,493402,44.2
533,2018,Amazon,Grocery,294,78431,56745,58.06
534,2024,DMart,Fashion,57,610541,299335,19.29
535,2017,Meesho,Electronics,4332,898403,94783,46.05
536,2022,JioMart,Electronics,2518,32601,412236,23.24
537,2026,Meesho,Beauty,2267,597515,137039,51.03
538,2024,Meesho,Beauty,2986,768108,237994,53.78
539,2026,JioMart,Electronics,1511,574983,413918,55.25
540,2019,Amazon,Electronics,2702,456790,86744,38.49
541,2020,DMart,Grocery,3746,136310,414274,17.26
542,2017,Flipkart,Beauty,165,408172,469947,34.86
543,2018,JioMart,Electronics,2211,597520,278561,52.76
544,2020,JioMart,Fashion,4460,652762,272400,3.3
545,2026,Amazon,Electronics,2451,467719,35540,14.27
546,2020,DMart,Grocery,2921,56002,50812,31.49
547,2026,Meesho,Grocery,1182,109003,212142,53.75
548,2023,Flipkart,Beauty,4550,735453,396395,49.57
549,2020,Flipkart,Home,3230,292844,258927,11.98
550,2019,JioMart,Electronics,4620,696915,326497,56.51
551,2021,Amazon,Grocery,1440,386087,372994,50.31
552,2020,Flipkart,Beauty,3657,282919,472017,49.66
553,2018,Amazon,Electronics,3302,17415,482907,26.09
554,2021,DMart,Electronics,874,435468,266976,4.62
555,2022,DMart,Electronics,1723,528823,220526,13.01
556,2021,DMart,Home,433,48578,91453,44.03
557,2022,Meesho,Home,2848,750520,158636,45.79
558,2026,Flipkart,Beauty,1185,564394,328602,11.72
559,2022,JioMart,Beauty,359,274852,281519,40.0
560,2023,Flipkart,Fashion,4588,958385,491238,31.54
561,2017,Meesho,Fashion,2823,823560,69368,36.49
562,2020,Amazon,Grocery,3014,152180,426061,47.06
563,2025,Meesho,Home,1154,282872,358246,49.82
564,2024,Meesho,Electronics,1056,75942,14689,44.01
565,2025,Amazon,Fashion,4908,600504,216516,9.39
566,2022,JioMart,Home,2342,404754,430392,42.37
567,2023,Amazon,Electronics,1547,841246,348235,47.39
568,2020,Flipkart,Electronics,4996,821050,35675,8.34
569,2026,Amazon,Fashion,4846,449030,473963,33.98
570,2019,Amazon,Electronics,2436,665348,150696,19.22
571,2022,DMart,Grocery,708,307675,184887,8.77
572,2026,Amazon,Home,501,135355,28798,19.68
573,2022,Meesho,Electronics,4118,399959,437742,19.46
574,2023,Meesho,Fashion,3112,358754,274586,1.72
575,2024,JioMart,Electronics,162,97051,151653,24.05
576,2021,Meesho,Home,1474,782997,282696,26.4
577,2021,Meesho,Electronics,99,652927,381392,41.44
578,2021,Meesho,Fashion,4111,618814,402062,56.72
579,2020,Meesho,Beauty,4905,557219,90116,20.19
580,2026,Amazon,Electronics,1465,524265,186917,31.6
581,2017,Flipkart,Fashion,1391,334264,396204,12.2
582,2020,Amazon,Electronics,3852,753088,127155,5.37
583,2019,Flipkart,Fashion,257,376081,465507,33.43
584,2022,Flipkart,Grocery,3416,629164,461270,57.13
585,2025,JioMart,Home,4548,498019,233930,39.26
586,2021,Flipkart,Grocery,1792,797738,4849,27.59
587,2022,Amazon,Grocery,4245,64330,52707,1.12
588,2020,Amazon,Grocery,1227,483048,187633,37.12
589,2022,Meesho,Beauty,1321,798245,356171,42.37
590,2025,DMart,Home,2978,505916,174123,56.24
591,2025,JioMart,Grocery,1970,116121,471435,43.82
592,2026,Amazon,Fashion,419,650794,478237,20.3
593,2020,Meesho,Beauty,4512,726046,489067,26.63
594,2025,Meesho,Fashion,3012,433159,198467,37.18
595,2025,Amazon,Fashion,4067,806883,195028,6.39
596,2017,DMart,Home,2834,229128,285013,16.98
597,2018,Meesho,Beauty,3060,63053,182561,36.23
598,2018,Flipkart,Fashion,1623,987534,464122,30.12
599,2024,Meesho,Fashion,919,893520,264158,44.54
600,2024,Meesho,Fashion,2606,956565,156242,32.76
601,2017,JioMart,Home,2962,363973,355852,40.32
602,2024,Meesho,Beauty,2867,526540,283169,15.65
603,2022,Flipkart,Home,3747,664587,432722,56.24
604,2018,Flipkart,Grocery,3819,803784,211124,18.76
605,2023,DMart,Grocery,4967,476755,294851,7.22
606,2023,Meesho,Fashion,170,984208,330317,10.41
607,2021,Amazon,Fashion,2118,845825,425390,43.51
608,2020,Meesho,Grocery,4214,662416,492715,55.55
609,2024,Flipkart,Electronics,326,436044,127270,5.52
610,2024,Amazon,Beauty,2641,775791,442732,20.28
611,2026,Amazon,Fashion,4459,881206,405303,52.7
612,2021,DMart,Electronics,1079,647938,60500,30.68
613,2022,Amazon,Beauty,136,86240,236595,51.67
614,2019,Amazon,Electronics,3360,273844,356926,11.58
615,2020,DMart,Electronics,3368,177527,247356,43.41
616,2022,JioMart,Fashion,4807,481797,251144,21.37
617,2026,Meesho,Fashion,1723,515838,484442,14.12
618,2025,Flipkart,Home,2303,796086,494814,15.38
619,2019,JioMart,Grocery,186,25534,348424,26.31
620,2019,Meesho,Fashion,498,241324,485273,20.33
621,2022,Amazon,Fashion,4238,153279,197846,7.81
622,2017,DMart,Beauty,3022,571446,85607,58.85
623,2017,DMart,Beauty,4450,812242,399342,46.61
624,2023,DMart,Electronics,1826,46413,144888,51.58
625,2019,DMart,Beauty,2513,188969,424291,53.01
626,2022,JioMart,Electronics,2729,855623,250664,28.44
627,2022,Amazon,Grocery,1437,578242,466525,47.7
628,2019,Meesho,Fashion,4058,927262,5994,1.79
629,2025,Flipkart,Grocery,433,454975,304297,4.95
630,2022,JioMart,Electronics,2389,128094,157379,33.19
631,2017,DMart,Fashion,2654,886533,3382,14.66
632,2026,DMart,Grocery,52,777669,468149,22.98
633,2023,JioMart,Grocery,2940,402670,110162,55.83
634,2018,Amazon,Electronics,720,230283,149961,46.6
635,2025,JioMart,Electronics,299,786505,428876,31.74
636,2023,Flipkart,Home,3842,971890,64972,13.23
637,2023,JioMart,Electronics,2992,133099,35693,45.25
638,2017,Meesho,Beauty,853,207097,307660,32.96
639,2026,JioMart,Fashion,3566,390172,40178,16.99
640,2024,Meesho,Electronics,1004,807057,199237,52.25
641,2026,JioMart,Grocery,3328,293983,290360,35.5
642,2018,JioMart,Grocery,907,408102,374393,57.55
643,2017,Amazon,Grocery,2775,808658,94405,14.28
644,2021,Flipkart,Beauty,972,389747,159598,16.61
645,2023,DMart,Home,1864,660102,431917,47.42
646,2026,DMart,Home,253,944048,410115,13.82
647,2021,DMart,Beauty,657,474462,371180,38.17
648,2018,Amazon,Grocery,3625,419319,99046,54.16
649,2024,DMart,Fashion,2428,927472,182429,42.7
650,2022,Meesho,Home,1725,968762,427940,45.14
651,2026,Meesho,Beauty,4496,300446,323959,25.26
652,2017,Meesho,Home,2556,333258,249724,47.24
653,2021,Meesho,Fashion,3554,420591,328350,50.39
654,2026,Meesho,Grocery,4854,763492,487524,35.63
655,2025,JioMart,Beauty,4528,411426,142994,40.89
656,2025,JioMart,Grocery,2952,884391,427634,55.82
657,2023,JioMart,Beauty,3312,912458,202604,59.74
658,2018,JioMart,Electronics,2267,62691,483981,36.0
659,2018,Meesho,Fashion,1148,528420,223123,30.52
660,2025,Meesho,Electronics,2555,10917,338746,45.12
661,2023,JioMart,Electronics,1728,289143,263091,3.5
662,2018,Amazon,Beauty,2527,227741,250265,2.13
663,2017,Meesho,Grocery,256,96795,166159,48.37
664,2022,Meesho,Home,3305,722793,137285,53.02
665,2018,DMart,Electronics,2839,718387,287133,35.41
666,2024,JioMart,Grocery,3271,24995,24559,4.93
667,2026,Amazon,Home,4773,835782,440439,41.75
668,2023,DMart,Grocery,1312,457415,322690,44.51
669,2024,Amazon,Grocery,4324,708148,116945,41.78
670,2023,Amazon,Beauty,3855,41085,318715,21.5
671,2021,JioMart,Electronics,3906,45903,204561,56.34
672,2019,Meesho,Fashion,1144,438395,118305,14.53
673,2020,Flipkart,Fashion,4709,973342,253388,32.26
674,2021,Amazon,Home,2153,241318,324943,13.23
675,2024,DMart,Home,699,505654,409624,21.87
676,2020,DMart,Fashion,3207,202003,307398,46.83
677,2022,Flipkart,Grocery,2061,144445,404551,10.2
678,2022,Flipkart,Grocery,3233,745035,178597,52.65
679,2017,Flipkart,Electronics,2203,786372,122015,22.46
680,2022,DMart,Electronics,737,518433,422234,59.51
681,2017,Flipkart,Beauty,2946,111407,494960,56.48
682,2026,Meesho,Beauty,894,810463,212144,30.06
683,2022,Meesho,Home,276,685887,286713,8.27
684,2023,JioMart,Grocery,2927,962807,35700,53.5
685,2017,DMart,Grocery,1931,960541,395846,24.76
686,2023,Amazon,Beauty,1745,521162,474573,8.77
687,2024,JioMart,Beauty,1807,64722,352643,29.96
688,2022,Flipkart,Beauty,2344,935767,326437,9.44
689,2019,Flipkart,Grocery,748,344923,96408,44.04
690,2021,JioMart,Electronics,2384,825869,235196,52.57
691,2023,JioMart,Beauty,2736,799417,492121,4.16
692,2020,DMart,Electronics,2023,317680,70504,21.72
693,2017,Flipkart,Fashion,4254,377894,340629,36.99
694,2026,Meesho,Beauty,1570,247723,334272,42.45
695,2023,Flipkart,Fashion,962,980013,198478,56.18
696,2018,DMart,Fashion,2878,367546,293820,46.01
697,2023,Amazon,Grocery,192,891864,295067,31.08
698,2021,JioMart,Electronics,1898,827459,167536,50.51
699,2017,JioMart,Grocery,3841,756760,299783,3.93
700,2017,DMart,Electronics,3001,198487,19074,11.24
701,2017,Meesho,Fashion,932,169882,454222,8.4
702,2017,Amazon,Fashion,782,216548,463676,50.27
703,2024,Flipkart,Beauty,542,862159,353754,31.96
704,2025,Amazon,Grocery,2236,164455,321304,20.6
705,2018,Meesho,Home,2092,591904,272365,41.03
706,2022,JioMart,Fashion,1623,611206,79116,53.21
707,2020,Flipkart,Electronics,3797,978761,227572,1.61
708,2017,Amazon,Home,2797,519421,203834,19.4
709,2019,Meesho,Home,2011,546785,426767,32.92
710,2024,Flipkart,Home,4055,185595,386946,6.45
711,2024,JioMart,Beauty,586,640270,229129,12.17
712,2024,Flipkart,Electronics,1355,248483,361383,17.11
713,2019,Meesho,Beauty,2027,554026,273847,47.27
714,2019,JioMart,Electronics,3814,828731,278785,43.31
715,2023,Flipkart,Home,4285,656275,152638,18.63
716,2017,Amazon,Fashion,4815,161426,287073,36.62
717,2020,Amazon,Home,3847,23780,269733,29.66
718,2020,DMart,Fashion,299,553597,55195,44.3
719,2025,DMart,Electronics,2987,288404,125997,54.24
720,2023,JioMart,Grocery,579,612772,250819,52.51
721,2024,Meesho,Fashion,2235,587880,139419,1.64
722,2023,Meesho,Beauty,4337,896788,449377,35.03
723,2023,DMart,Grocery,1310,514677,414532,14.35
724,2018,Amazon,Home,2916,122669,269042,32.41
725,2023,Flipkart,Beauty,940,499415,400294,34.11
726,2022,JioMart,Fashion,4751,651480,173646,58.21
727,2021,Flipkart,Home,1661,649872,186782,13.88
728,2021,Amazon,Electronics,4906,189689,335517,53.97
729,2017,Meesho,Beauty,3808,130592,235000,33.88
730,2017,Amazon,Beauty,2871,71602,204117,11.78
731,2024,DMart,Beauty,318,609792,3462,18.89
732,2019,JioMart,Beauty,456,345064,285697,56.29
733,2026,JioMart,Grocery,4899,884641,338283,34.17
734,2023,JioMart,Grocery,4720,34042,409302,40.04
735,2017,Meesho,Grocery,1989,552307,338570,24.79
736,2024,DMart,Beauty,4290,398422,376146,57.77
737,2019,JioMart,Beauty,4087,189001,272487,39.83
738,2020,Meesho,Home,4574,516713,485635,31.58
739,2018,Meesho,Grocery,2256,483288,266702,14.01
740,2024,JioMart,Grocery,4248,699129,252004,38.16
741,2019,Flipkart,Fashion,2830,157878,220707,27.19
742,2023,DMart,Fashion,2591,835963,53227,46.32
743,2022,Flipkart,Fashion,3904,584887,465761,31.33
744,2021,Flipkart,Home,1079,78207,335199,3.32
745,2019,Flipkart,Grocery,4956,367776,172103,57.98
746,2020,Amazon,Electronics,1028,452244,60807,40.59
747,2022,Meesho,Electronics,4101,749477,408407,37.54
748,2026,Meesho,Electronics,2173,362854,241909,41.59
749,2017,Meesho,Electronics,890,142886,79537,37.74
750,2021,JioMart,Electronics,3021,569073,164052,34.36
751,2025,Flipkart,Fashion,1066,955645,162081,21.09
752,2025,Amazon,Grocery,165,757567,238281,5.53
753,2021,DMart,Beauty,3000,893190,479928,14.66
754,2018,JioMart,Electronics,4955,690913,367645,13.61
755,2017,Meesho,Fashion,4628,387844,337058,35.41
756,2022,Amazon,Home,4636,166078,304342,3.38
757,2020,Flipkart,Fashion,4972,919210,380162,34.4
758,2024,JioMart,Home,190,388621,29202,48.53
759,2017,JioMart,Beauty,569,966228,312385,6.63
760,2022,DMart,Home,975,890278,286071,20.59
761,2023,DMart,Home,3245,240780,389388,43.92
762,2020,JioMart,Grocery,4606,948601,397308,48.52
763,2023,JioMart,Beauty,4983,539214,485515,25.06
764,2018,DMart,Home,94,568866,87486,48.37
765,2022,DMart,Home,2631,666051,258971,19.4
766,2025,Meesho,Grocery,3456,598216,215303,49.64
767,2018,DMart,Home,1928,688525,4748,5.84
768,2020,DMart,Home,4763,974190,76910,7.92
769,2026,Meesho,Electronics,1926,588748,363910,18.08
770,2021,Flipkart,Grocery,1957,666521,363811,40.26
771,2023,DMart,Grocery,2226,113306,165726,6.87
772,2023,Flipkart,Fashion,957,438638,12984,53.5
773,2017,JioMart,Beauty,1181,938274,433537,17.98
774,2018,Meesho,Grocery,61,714706,396753,53.49
775,2022,Flipkart,Electronics,4801,155281,180515,1.08
776,2020,JioMart,Electronics,4923,936139,296209,14.77
777,2024,Amazon,Fashion,2400,563380,149725,8.73
778,2022,Amazon,Home,2460,695338,88592,59.82
779,2026,Amazon,Fashion,4733,61033,46256,37.74
780,2025,Flipkart,Home,4205,489809,29992,40.7
781,2020,Meesho,Fashion,1744,465224,399413,24.48
782,2021,JioMart,Home,2222,121462,148735,22.4
783,2021,Flipkart,Fashion,2411,424027,227453,9.45
784,2020,DMart,Home,2736,348767,132004,54.12
785,2025,Amazon,Beauty,4309,989091,8697,35.29
786,2023,DMart,Grocery,1473,516554,399276,40.05
787,2024,Meesho,Home,961,515168,73684,50.4
788,2023,JioMart,Electronics,730,957509,269782,30.44
789,2021,DMart,Grocery,421,557670,247375,18.01
790,2017,DMart,Grocery,834,686315,373818,9.74
791,2023,DMart,Grocery,2388,466324,245936,33.63
792,2025,Flipkart,Beauty,4982,243979,85698,15.18
793,2023,Amazon,Home,4753,607578,48014,59.25
794,2024,Meesho,Beauty,2625,901490,356859,35.38
795,2017,Flipkart,Beauty,178,507488,95913,40.68
796,2022,DMart,Grocery,3794,319378,441507,8.57
797,2020,DMart,Home,3194,613814,244459,26.13
798,2019,Meesho,Beauty,220,510364,236707,46.28
799,2020,DMart,Beauty,3975,523066,339130,14.34
800,2024,Flipkart,Fashion,3873,164226,419841,18.59
801,2025,JioMart,Grocery,2849,73014,40346,35.55
802,2023,Meesho,Fashion,4556,746778,323341,31.87
803,2019,JioMart,Electronics,1293,998736,443210,48.79
804,2020,Meesho,Beauty,3445,345513,265037,33.83
805,2019,DMart,Beauty,4191,915012,427583,55.52
806,2025,DMart,Electronics,2213,550277,292075,24.36
807,2017,Flipkart,Grocery,3469,695493,244688,15.8
808,2023,Flipkart,Home,796,368766,189728,23.29
809,2022,DMart,Grocery,2879,258141,299530,39.83
810,2017,Meesho,Home,3214,424380,146486,27.67
811,2025,Meesho,Fashion,556,105790,409756,27.08
812,2020,Flipkart,Electronics,3640,369701,437048,57.32
813,2025,Flipkart,Fashion,1514,10390,481751,35.32
814,2022,Meesho,Home,722,504080,269011,24.11
815,2018,JioMart,Electronics,693,399546,337373,4.46
816,2017,Flipkart,Electronics,4436,107799,94948,16.0
817,2020,Flipkart,Home,1919,727176,311929,11.15
818,2019,Meesho,Grocery,3152,958483,87436,5.76
819,2026,Amazon,Home,1351,148442,120873,38.18
820,2020,Flipkart,Fashion,742,563214,362926,41.03
821,2026,Flipkart,Fashion,3870,409749,87597,36.6
822,2024,Meesho,Beauty,4035,348526,140005,56.22
823,2025,Flipkart,Electronics,1597,411013,51013,2.3
824,2025,DMart,Home,1832,560428,264328,34.45
825,2021,Flipkart,Home,4006,26555,91385,36.37
826,2018,JioMart,Beauty,1259,845488,195923,3.85
827,2026,Meesho,Home,940,481761,290987,21.83
828,2024,Flipkart,Home,4528,487317,223633,47.28
829,2025,DMart,Grocery,4289,360046,422773,10.71
830,2019,Amazon,Electronics,1003,112828,127613,4.52
831,2023,DMart,Fashion,3174,903407,340386,14.38
832,2023,Flipkart,Beauty,2220,167550,72042,11.88
833,2019,JioMart,Beauty,3268,95058,403311,16.97
834,2026,JioMart,Home,1764,137572,226730,5.2
835,2023,DMart,Grocery,3617,790296,54051,16.23
836,2021,Amazon,Fashion,3546,765477,45439,31.97
837,2017,Flipkart,Grocery,1281,544125,236207,18.5
838,2025,Flipkart,Home,3586,429515,494209,45.65
839,2025,JioMart,Electronics,3912,24506,226413,41.37
840,2025,Flipkart,Beauty,1919,60971,421497,40.67
841,2025,JioMart,Grocery,1129,629674,440967,29.89
842,2024,JioMart,Home,2578,17235,345877,59.32
843,2019,Flipkart,Beauty,3390,312788,180736,4.01
844,2018,Flipkart,Fashion,4091,241414,257812,29.03
845,2018,Amazon,Grocery,4180,936694,301340,41.55
846,2022,DMart,Home,1801,708600,439976,25.17
847,2023,Meesho,Fashion,4584,824811,383811,44.16
848,2017,Meesho,Home,2988,448963,388324,11.69
849,2021,Flipkart,Grocery,176,212210,215183,33.37
850,2023,JioMart,Home,4129,530610,21923,59.65
851,2024,JioMart,Beauty,2891,265719,29756,59.5
852,2017,Meesho,Grocery,1425,633773,285236,36.03
853,2023,Amazon,Beauty,4458,369014,22398,19.59
854,2018,Meesho,Grocery,731,555926,264217,3.56
855,2022,Meesho,Electronics,4390,44924,213792,47.98
856,2026,DMart,Beauty,3298,548966,193147,16.42
857,2021,JioMart,Electronics,77,164536,52137,18.0
858,2018,Amazon,Grocery,2346,639756,478733,6.39
859,2018,Meesho,Beauty,1428,486384,488063,2.82
860,2017,JioMart,Beauty,1108,397773,23499,17.26
861,2017,JioMart,Grocery,3603,153704,162679,36.22
862,2019,Meesho,Electronics,4673,410565,334298,16.09
863,2026,Meesho,Electronics,3027,93791,156371,47.65
864,2018,Flipkart,Electronics,94,443797,232444,26.16
865,2025,Meesho,Fashion,1083,57645,240608,13.63
866,2024,JioMart,Beauty,528,827166,1515,39.31
867,2025,DMart,Electronics,1461,562144,74870,10.07
868,2020,DMart,Beauty,837,442206,273017,53.27
869,2020,Flipkart,Beauty,3310,490350,497232,52.91
870,2025,DMart,Grocery,2582,808204,352529,51.69
871,2024,DMart,Home,598,236377,451043,45.72
872,2020,Flipkart,Home,840,52598,191271,39.09
873,2023,DMart,Fashion,228,258004,480222,9.93
874,2018,JioMart,Home,4354,375036,335977,57.95
875,2026,JioMart,Fashion,3496,273749,78506,19.42
876,2018,Meesho,Home,1265,362580,202682,24.5
877,2019,Amazon,Home,3136,260072,2515,53.92
878,2023,Amazon,Grocery,2967,916851,385518,2.51
879,2017,Amazon,Grocery,3705,570849,207555,36.4
880,2019,Flipkart,Electronics,3824,782268,239540,52.41
881,2026,Flipkart,Home,4042,858389,66431,6.75
882,2022,DMart,Electronics,1512,400992,196245,39.1
883,2026,Meesho,Fashion,1357,653970,14386,51.82
884,2019,Flipkart,Beauty,4711,887751,117582,45.36
885,2024,Meesho,Home,3233,763375,53949,51.65
886,2025,DMart,Electronics,2766,157646,243887,40.99
887,2020,Meesho,Grocery,4532,685573,72916,4.16
888,2017,Meesho,Home,3208,292152,71474,40.92
889,2017,Flipkart,Home,2262,556792,55970,36.65
890,2019,DMart,Grocery,421,130494,235941,24.73
891,2017,JioMart,Home,1123,648453,120501,20.24
892,2022,Meesho,Fashion,2344,230935,54634,38.15
893,2025,Flipkart,Beauty,2001,494607,409797,54.78
894,2017,Flipkart,Home,2431,428680,377156,31.71
895,2022,DMart,Beauty,970,817461,84981,58.98
896,2022,Flipkart,Electronics,3689,152429,458820,28.61
897,2021,Meesho,Beauty,2731,897935,106072,9.1
898,2026,Flipkart,Home,646,671414,231881,45.04
899,2017,Amazon,Beauty,3781,778447,199159,23.21
900,2021,Amazon,Beauty,1499,665032,252713,1.01
901,2020,Flipkart,Beauty,1495,839690,429909,52.7
902,2023,Amazon,Electronics,562,10215,368747,31.23
903,2018,Meesho,Grocery,2156,282544,388355,14.84
904,2023,JioMart,Home,3703,520269,268727,14.73
905,2018,Flipkart,Electronics,3561,678689,233117,21.13
906,2021,Meesho,Beauty,475,56032,482937,52.1
907,2019,Flipkart,Fashion,875,439763,305962,48.68
908,2018,Flipkart,Fashion,242,129875,302549,24.52
909,2018,Meesho,Beauty,3014,527965,105186,20.23
910,2026,Meesho,Grocery,3319,750479,355835,49.82
911,2022,Amazon,Electronics,3490,735527,469351,5.02
912,2019,Amazon,Home,660,688173,210884,52.68
913,2020,DMart,Grocery,2651,487793,138152,57.25
914,2018,Flipkart,Electronics,1367,391325,290238,10.69
915,2024,Meesho,Grocery,1555,34354,94297,12.22
916,2020,DMart,Beauty,2807,954036,7464,57.37
917,2021,DMart,Home,110,805701,195215,13.52
918,2017,JioMart,Fashion,4010,21962,34302,58.87
919,2021,JioMart,Fashion,1054,53459,88245,33.13
920,2023,Meesho,Fashion,1083,790721,25700,27.38
921,2022,Amazon,Home,178,59589,251606,33.28
922,2022,Meesho,Fashion,951,810812,208968,3.35
923,2026,DMart,Home,76,148009,385096,3.54
924,2023,Meesho,Electronics,3190,378444,114793,46.05
925,2017,DMart,Fashion,3668,986974,114218,12.33
926,2018,Amazon,Electronics,2778,726438,482862,53.36
927,2018,Meesho,Electronics,3694,983069,84123,38.5
928,2023,Flipkart,Fashion,4371,395693,228043,33.56
929,2017,Amazon,Fashion,4128,409017,277274,38.92
930,2024,Amazon,Grocery,333,998880,193319,28.67
931,2018,Flipkart,Fashion,4784,884609,73902,25.37
932,2025,JioMart,Fashion,1042,606682,330801,43.79
933,2021,Amazon,Beauty,393,828599,111957,18.58
934,2017,DMart,Electronics,3251,244847,411488,15.49
935,2024,Amazon,Home,4262,426561,52567,35.31
936,2026,Meesho,Beauty,2758,730785,341662,17.66
937,2026,DMart,Electronics,2371,482617,394711,18.79
938,2018,Amazon,Electronics,3135,259264,164996,20.99
939,2018,Meesho,Home,4704,163706,295507,3.93
940,2021,Meesho,Fashion,4874,52137,394369,16.44
941,2017,Flipkart,Beauty,3252,385233,457672,54.66
942,2017,JioMart,Electronics,4322,783815,225062,43.78
943,2017,Flipkart,Grocery,3833,115315,320348,36.48
944,2020,DMart,Electronics,2561,75679,142753,35.42
945,2023,JioMart,Home,3192,447480,43317,33.2
946,2026,Amazon,Fashion,3242,780348,476859,13.75
947,2020,JioMart,Beauty,4043,454874,494057,26.2
948,2017,JioMart,Fashion,605,25116,21045,15.88
949,2018,JioMart,Fashion,2009,879953,487121,58.66
950,2023,Amazon,Home,1349,392650,499221,36.41
951,2024,Flipkart,Home,127,340511,373050,21.16
952,2022,DMart,Home,327,13089,361971,50.68
953,2022,DMart,Grocery,4625,247103,245754,21.06
954,2021,Meesho,Beauty,865,594326,58786,41.14
955,2019,Flipkart,Beauty,584,888260,299276,8.03
956,2019,DMart,Electronics,4550,926295,198780,50.36
957,2022,Flipkart,Beauty,596,506246,287198,43.44
958,2022,JioMart,Fashion,3290,475417,46689,6.98
959,2019,Meesho,Electronics,920,135865,124745,23.4
960,2022,Amazon,Home,2947,405460,361466,55.43
961,2017,Flipkart,Fashion,823,563351,71268,40.33
962,2025,JioMart,Electronics,2617,419337,395890,9.05
963,2020,Flipkart,Beauty,2309,674687,464879,46.69
964,2026,JioMart,Beauty,801,941253,326361,17.33
965,2021,JioMart,Fashion,527,37302,405499,55.44
966,2023,Amazon,Electronics,4555,318645,481549,3.17
967,2022,JioMart,Fashion,1519,182409,434541,33.62
968,2018,Meesho,Fashion,119,751204,433184,14.96
969,2024,Amazon,Grocery,2829,883272,132827,50.41
970,2026,Meesho,Fashion,159,420616,303259,23.3
971,2026,Flipkart,Electronics,4988,815654,362185,24.74
972,2024,DMart,Electronics,4675,958910,352136,24.2
973,2020,Meesho,Grocery,4547,659837,434917,19.62
974,2021,Flipkart,Home,226,911258,115881,58.23
975,2020,Amazon,Beauty,3929,523624,213803,51.04
976,2018,DMart,Grocery,1003,904230,309474,17.63
977,2017,JioMart,Fashion,1977,171297,349216,33.29
978,2026,DMart,Grocery,1870,457746,200271,33.99
979,2026,JioMart,Fashion,3068,125819,267907,32.44
980,2021,JioMart,Fashion,4427,533225,446527,21.41
981,2023,JioMart,Electronics,2641,840222,331724,32.7
982,2026,JioMart,Beauty,704,588921,18143,54.62
983,2024,JioMart,Grocery,304,898559,312011,45.63
984,2017,JioMart,Grocery,4171,512716,218508,59.74
985,2021,DMart,Beauty,1058,161770,436686,13.34
986,2023,Meesho,Beauty,304,923475,464463,34.36
987,2021,Flipkart,Electronics,4502,231439,460759,3.21
988,2025,JioMart,Beauty,3047,160259,144029,37.65
989,2019,DMart,Fashion,927,713713,346932,27.27
990,2026,Meesho,Fashion,471,766547,362652,20.6
991,2024,Amazon,Beauty,817,884802,389681,2.91
992,2022,DMart,Beauty,3716,309189,218394,13.01
993,2022,JioMart,Fashion,4993,640759,292619,58.62
994,2018,JioMart,Beauty,3060,649548,174364,11.66
995,2019,Amazon,Fashion,4250,175837,337643,29.86
996,2018,JioMart,Fashion,3457,475483,172635,18.7
997,2026,Amazon,Fashion,2465,387082,81730,52.07
998,2026,Flipkart,Electronics,968,633765,389227,42.36
999,2025,JioMart,Fashion,3682,309479,332495,40.02
1000,2024,Meesho,Grocery,4072,87527,349848,43.32
